from_id,relation,to_id,profile,tradition,confidence,score,source_title,source_locator,excerpt,notes
nakshatra:1,nakshatra_associated_deity,deity:ashwini_kumaras,overlay,unknown,seed_unverified,0.30,,,,OVERLAY | TODO: fill deity + evidence | AUTO: deity from nakshatra.yaml
nakshatra:2,nakshatra_associated_deity,deity:yama,overlay,unknown,attested_secondary,5.50,lunar_music_atlas.html,lines 186-198,"{id:""hemanta"", name:""Hemanta (Early Winter)"",densityAdj:-1, ragaTilt:""Warm depth (Kafi, Bageshri, Bhairavi-moods)"",     harmonicTilt:""Lean I + vi warmth; slower change-rate""},
  {id:""sisira"",  name:""Śiśira (Late Winter)"",  densityAdj: 0, ragaTilt:""Gentle ignit…",OVERLAY | TODO: fill deity + evidence | AUTO: deity from nakshatra.yaml | EVID: auto-found in research corpus
nakshatra:3,nakshatra_associated_deity,deity:agni,overlay,unknown,attested_secondary,5.50,journey-with-the-moon.txt,lines 78-90,"[page 21]
20 
  Sixteen qualities of the nectar  “In the waxing fortnight kalas shoot and expand; in the waning fortnight they shrink and small become. They who can know the mystery of kalas sixteen, may well reach the Feet of the Lord of glory indescribable.”…",OVERLAY | TODO: fill deity + evidence | AUTO: deity from nakshatra.yaml | EVID: auto-found in research corpus
nakshatra:4,nakshatra_associated_deity,deity:brahma,overlay,unknown,attested_secondary,5.50,lunar_music_atlas.html,lines 186-198,"{id:""hemanta"", name:""Hemanta (Early Winter)"",densityAdj:-1, ragaTilt:""Warm depth (Kafi, Bageshri, Bhairavi-moods)"",     harmonicTilt:""Lean I + vi warmth; slower change-rate""},
  {id:""sisira"",  name:""Śiśira (Late Winter)"",  densityAdj: 0, ragaTilt:""Gentle ignit…",OVERLAY | TODO: fill deity + evidence | AUTO: deity from nakshatra.yaml | EVID: auto-found in research corpus
nakshatra:5,nakshatra_associated_deity,deity:soma,overlay,unknown,attested_secondary,5.50,journey-with-the-moon.txt,lines 102-114,"[page 27]
26 
 Soli-lunar breathing pattern  In a healthy body the breath changes every hour. For one hour it should be more active in the left nostril, ida nadi, and for one hour it should be more active in the right nostril, pingala nadi. If you take a littl…",OVERLAY | TODO: fill deity + evidence | AUTO: deity from nakshatra.yaml | EVID: auto-found in research corpus
nakshatra:6,nakshatra_associated_deity,deity:rudra,overlay,unknown,attested_secondary,5.50,journey-with-the-moon.txt,lines 510-522,"[page 126]
125 
and they can act quite impulsively or even be a bit stingy, when they are disrespected.  There are also four petals in muladhara chakra, the energy center at the base of our spine. Muladhara chakra is strongly connected with Ganesha, similarly…",OVERLAY | TODO: fill deity + evidence | AUTO: deity from nakshatra.yaml | EVID: auto-found in research corpus
nakshatra:7,nakshatra_associated_deity,deity:aditi,overlay,unknown,attested_secondary,5.50,journey-with-the-moon.txt,lines 15-27,Chapter 21: Jwalamalini – Garlanded with flames                           283  Chapter 22: Citra – Colourful Goddess                   300  Chapter 23: Your chart from perspective of Tithis                                 315  Chapter 24: Sadhana – praying wit…,OVERLAY | TODO: fill deity + evidence | AUTO: deity from nakshatra.yaml | EVID: auto-found in research corpus
nakshatra:8,nakshatra_associated_deity,deity:brihaspati,overlay,unknown,attested_secondary,5.50,journey-with-the-moon.txt,lines 269-281,"Goddess Kameshwari is, indeed, sexual energy itself. She is the one, who controls sexual desires, as well as the Mother of five Kamadevas, gods of desire, who are said to be Her five senses, jnanendriyas. Their names are: Kamaraja (yellow-hued “king of desire”…",OVERLAY | TODO: fill deity + evidence | AUTO: deity from nakshatra.yaml | EVID: auto-found in research corpus
nakshatra:9,nakshatra_associated_deity,deity:nagas,overlay,unknown,attested_secondary,5.50,journey-with-the-moon.txt,lines 363-375,"to its power, rohana shakti, so Shravana has the power to connect everything and to reach with any idea to a much bigger audience. Similarly Dvitiya tithi is a true lunar day of our influence in the world.    Tithi, vara and nakshatra resonance  Goddess Bhagam…",OVERLAY | TODO: fill deity + evidence | AUTO: deity from nakshatra.yaml | EVID: auto-found in research corpus
nakshatra:10,nakshatra_associated_deity,deity:pitrs,overlay,unknown,seed_unverified,0.30,,,,OVERLAY | TODO: fill deity + evidence | AUTO: deity from nakshatra.yaml
nakshatra:11,nakshatra_associated_deity,deity:bhaga,overlay,unknown,attested_secondary,5.50,journey-with-the-moon.txt,lines 5-17,"[page 3]
2 
                                Copyright © 2018 by Achala Sylwia Mihajlović  All rights reserved. This book or any portion thereof may not be reproduced or used in any manner whatsoever without the express written permission of the publisher excep…",OVERLAY | TODO: fill deity + evidence | AUTO: deity from nakshatra.yaml | EVID: auto-found in research corpus
nakshatra:12,nakshatra_associated_deity,deity:aryaman,overlay,unknown,seed_unverified,0.30,,,,OVERLAY | TODO: fill deity + evidence | AUTO: deity from nakshatra.yaml
nakshatra:13,nakshatra_associated_deity,deity:savitar,overlay,unknown,seed_unverified,0.30,,,,OVERLAY | TODO: fill deity + evidence | AUTO: deity from nakshatra.yaml
nakshatra:14,nakshatra_associated_deity,deity:vishvakarma,overlay,unknown,seed_unverified,0.30,,,,OVERLAY | TODO: fill deity + evidence | AUTO: deity from nakshatra.yaml
nakshatra:15,nakshatra_associated_deity,deity:vayu,overlay,unknown,attested_secondary,5.50,journey-with-the-moon.txt,lines 137-149,"[page 34]
33 
  Tithis, elements and gunas  Each lunar day is also connected to one of the five elements, which our body is made of, and which are governing its different moods - as well as to on of the three gunas or modes of Nature. Kamakala vilasa states:…",OVERLAY | TODO: fill deity + evidence | AUTO: deity from nakshatra.yaml | EVID: auto-found in research corpus
nakshatra:16,nakshatra_associated_deity,deity:indraagni,overlay,unknown,seed_unverified,0.30,,,,OVERLAY | TODO: fill deity + evidence | AUTO: deity from nakshatra.yaml
nakshatra:17,nakshatra_associated_deity,deity:mitra,overlay,unknown,seed_unverified,0.30,,,,OVERLAY | TODO: fill deity + evidence | AUTO: deity from nakshatra.yaml
nakshatra:18,nakshatra_associated_deity,deity:indra,overlay,unknown,attested_secondary,5.50,journey-with-the-moon.txt,lines 267-279,"[page 66]
65 
Goddess Kameshwari is, indeed, sexual energy itself. She is the one, who controls sexual desires, as well as the Mother of five Kamadevas, gods of desire, who are said to be Her five senses, jnanendriyas. Their names are: Kamaraja (yellow-hued “k…",OVERLAY | TODO: fill deity + evidence | AUTO: deity from nakshatra.yaml | EVID: auto-found in research corpus
nakshatra:19,nakshatra_associated_deity,deity:nirriti,overlay,unknown,seed_unverified,0.30,,,,OVERLAY | TODO: fill deity + evidence | AUTO: deity from nakshatra.yaml
nakshatra:20,nakshatra_associated_deity,deity:apas,overlay,unknown,attested_secondary,5.50,journey-with-the-moon.txt,lines 68-80,Chapter Three  Consciousness full of Nectar    ॐ पूणर्मदः पूणर्िमदं पूणार्त्पुणर्मुदच्यते पूणर्स्य पूणर्मादाय पूणर्मेवाविशष्यते ॥  oḿ pūrṇam adaḥ pūrṇam idaḿ pūrṇāt pūrṇam udacyate pūrṇasya pūrṇam ādāya pūrṇam evāvaśiṣyate  - Isha Upanishad   That is purnam (f…,OVERLAY | TODO: fill deity + evidence | AUTO: deity from nakshatra.yaml | EVID: auto-found in research corpus
nakshatra:21,nakshatra_associated_deity,deity:vishvadevas,overlay,unknown,seed_unverified,0.30,,,,OVERLAY | TODO: fill deity + evidence | AUTO: deity from nakshatra.yaml
nakshatra:22,nakshatra_associated_deity,deity:vishnu,overlay,unknown,attested_secondary,5.50,journey-with-the-moon.txt,lines 489-501,"[page 121]
120 
storm and rain. This is one of the most beautiful messages of Goddess Bherunda for all Her children.  Within waking state of consciousness, Chaturti tithi stands for turiya or spiritually awakened state of bliss, when we can consciously perceiv…",OVERLAY | TODO: fill deity + evidence | AUTO: deity from nakshatra.yaml | EVID: auto-found in research corpus
nakshatra:23,nakshatra_associated_deity,deity:vasus,overlay,unknown,attested_secondary,5.50,source:58fa163dc705,"page 104, lines 2582-2601","7.
lPttttsuasa
(20000' Gemini - 3020' Cancer)
In tfu SKy t
Punaruasu, the root of Jupiterian energy, consists of the two bright stars in the constellation of
Gemini, known in modern astronomy as hstor (Alpha-Geminorium) & Pollux (Beta-Geminorium).
With visual magnitudes of 1.58 and L.22 respectively, Castor& folluxare easily visible in the night
sky. They can be located at the top left hand comer above Oion within the constellation of Gemini.
In most ancient cultures these stars were seen as twins (brothers or lovers). The ancient vedic seers
however saw this asterism as a ""quiver.of arrows"".
9{gtnrc :
Punaruasutranslates into ""Good Again"", ""Wealthy Again"" or the ""Visible Infinity"". The Vasusare
demigods carrying all the desirable qualities like goodness, strength, prosperity etc. (refer to the
Deity section of Dhanistha, the 23rd asterism). The fact that the term ""Punarvasu"" literally t",OVERLAY | TODO: fill deity + evidence | AUTO: deity from nakshatra.yaml | EVID: passages.csv
nakshatra:24,nakshatra_associated_deity,deity:varuna,overlay,unknown,attested_secondary,5.50,journey-with-the-moon.txt,lines 365-377,"[page 90]
89 
• Dvitiya tithi + Saturday + Rohini, Swati, Vishakha, Anuradha, Dhanishta or Shatabhisha  In Agni Purana it is also stated that whenever Dvitiya tithi happens on Tuesday along with Moon dwelling in Magha nakshatra, it will bring gains.  Being so,…",OVERLAY | TODO: fill deity + evidence | AUTO: deity from nakshatra.yaml | EVID: auto-found in research corpus
nakshatra:25,nakshatra_associated_deity,deity:ajaekapada,overlay,unknown,seed_unverified,0.30,,,,OVERLAY | TODO: fill deity + evidence | AUTO: deity from nakshatra.yaml
nakshatra:26,nakshatra_associated_deity,deity:ahirbudhnya,overlay,unknown,attested_secondary,5.50,source:3cf2b395ae5b,"page 112, lines 4344-4368","376
beiden Grundlagen ” ist, ebenso wie der Name des Regenten „ der ein füſsige
Bock ”, auf Füſse bezüglich : nach Whitney ( Súryas . p . 323 ) „ in evident
allusion to the disposition of the four bright stars , which compose it , like
the four feet of a stand , table , bedstead or the like ”. Der Plural der äl
teren Form , besonders wenn dieselbe als bahuvrihi zu fassen ist , lehnt die
Anwendung dieser „ allusion ” auf die Zeit seines Gebrauches natürlich ab .
24 [ 25 ]. wie eben . Gottheit ahi budhniya Ts . A. C. D. J. Ç11 . ahi
budhnya K. ahirbudhnya ( !) Çg . aditya ( !) N. Über die bei Somákara
vorliegende Vertauschung der Gottheit mit der des vorhergehenden naxatra
s . das so eben dazu Bemerkte .
25 [26 ] . revati „ die reiche ”, Gottheit púshan : so durchweg , nur
daſs Ath . 9 , 7, 3 den Plural revatis bat (s. oben p 293 ) .
26 [27 ] . aqvayujau „ die beiden Rosseschirrer ” Ts . K",OVERLAY | TODO: fill deity + evidence | AUTO: deity from nakshatra.yaml | EVID2: tag/text match
nakshatra:27,nakshatra_associated_deity,deity:pushan,overlay,unknown,seed_unverified,0.30,,,,OVERLAY | TODO: fill deity + evidence | AUTO: deity from nakshatra.yaml
ritual:fast,ritual_prescribed_on,tithi:Ekadashi,overlay,unknown,seed_unverified,3.30,source:a80ecfcbf09c,"page 238, lines 966-968","237 
    Nilapataka is intense Goddess of eleventh lunar day, which is associated in Bhavishya Purana with eleven rudras, fierce forms of Shiva – God of ascetics, yogis, moksha, destruction and transformation. Similarly, the energy of Goddess Nilapataka is very intense and Her presence extremely powerful. Ekadashi tithi, co-ruled by Mars and fire element, is a very transformative combination. Its intense heat was since ages harnessed by yogis for spiritual purposes: to fast, focus on meditation and purify the mind and the body from all the poisons.    Ekadashi tithi and the deep, blue hue of Goddess Nilapataka, stand for the deep sleep state of consciousness, within all the four lunar days connected to the deep sleep state. On Ekadashi tithi, our mind is the most absent and is connected with its deepest nature. Now, depending on, all the “monsters” and “poisons” that we are growing in ou",OVERLAY | AUTO-SEED: Journey-with-the-Moon dossier
ritual:fast,ritual_prescribed_on,tithi:Dvadashi,overlay,unknown,seed_unverified,3.30,source:a80ecfcbf09c,"page 257, lines 1043-1045","256 
    Vijaya Devi is a victorious Goddess of twelfth lunar day. After the inner battle happening within us on Ekadashi tithi, Vijaya Devi brings us victory and success on Dvadashi. Whenever we fast or pray intensely with some intention on Ekadashi tithi, it is Dvadashi tithi, on which we are going to see the results of our prayers. In Krishna paksha the Sun and the Moon would form a golden angle in one moment of Dvadashi tithi (360:222.5), as well as they would be 42 degrees apart, which is in nature necessary to form a rainbow – known in mythology as a bridge between heaven and earth.  On Dvadashi tithi consciousness experiences turiya state within the deep sleep state. This is why a deep feeling of peace can be often experienced on this lunar day. In Shukla paksha the Sun and the Moon would form minor sixth or major sixth music interval (dhaivata or “the Divine one” ruled by Jupiter",OVERLAY | AUTO-SEED: Journey-with-the-Moon dossier
ritual:fast,ritual_prescribed_on,tithi:Trayodashi,overlay,unknown,seed_unverified,3.30,source:a80ecfcbf09c,"page 272, lines 1104-1106","271 
sixth into minor seventh (nishadha in Indian raga, ruled by Venus), while in Krishna paksha it descends from major second to minor second (rishabha in Indian raga, ruled by Mars). In both pakshas there is a musical tension between Sun and Moon, which is yearning to be resolved. Sometimes it will manifest as increased desire or passion, and sometimes as aggression or nervousness.  As element of ether is also connected to fast exchange of energy, while Jupiter himself is connected with our family and partnership, our libido is also empowered on Trayodashi tithi - which is why it is also a very good day for love exchange. According to some scriptures Trayodashi tithi is presided by Kamadeva, god of human love and desire. Goddess Sarvamangala is also connected to priti or love, thirteenth kala of the Moon. She inspires us towards more mature, forgiving and compassionate relationships. S",OVERLAY | AUTO-SEED: Journey-with-the-Moon dossier
ritual:fast,ritual_prescribed_on,tithi:Navami,overlay,unknown,seed_unverified,3.30,source:efa2f6dabfe6,"page 1, lines 26-49","Major pentatonic
Teentaal (16), Jhaptal (10)
3
5 Pancami
Desh, Kalyan variants
Mixolydian / Lydian-ish
Teentaal (16), Fast Keharwa
3
6 Sasti
Durga, Kedar
Major pentatonic / suspended major
Teentaal (16)
4
7 Saptami
Kalyan family, Desh
Lydian-ish / Mixolydian
Teentaal (16), Ektal (12)
4
8 Astami
Jog, Desh
Dorian / Mixolydian drive
Teentaal (16)
4
9 Navami",OVERLAY | AUTO-SEED: Journey-with-the-Moon dossier
nakshatra:1,nakshatra_ruling_graha,graha:ketu,overlay,unknown,attested_secondary,5.50,ad4083fc98eecc6c9cfa5e8966d95d5397d795710891e69652a7f9ea16a29ed7,"page 110, lines 446-449","109 
Additionally, in Shukla paksha sign of Pisces becomes more energised on Tritiya tithi (which reveals more peaceful nature of Shukla Tritiya natives, whose main objective is simply having peaceful and loving relationships), while in Krishna paksha sign of Virgo becomes more energised - which is why Krishna Tritiya natives will be a little bit more calculative sometimes in their relations. Due to what they need to work a little bit more consciously on uplifting their relationships and bringing into them more “moisture” of sensitivity.  Tithi shunya rashis or the signs, which are made “fruitless” by Tritiya tithi, are Capricorn (ruled by cold Saturn) and Leo (ruled by burning Sun), signifying two extremes, which are detrimental for any relationship: either being to cold-hearted or too hot-headed. Unless these signs are occupied by Rahu or Ketu, or unless its lords (Sun or Saturn) are p",OVERLAY | AUTO: ruler from nakshatra.yaml | EVID2: tag/text match
nakshatra:2,nakshatra_ruling_graha,graha:venus,overlay,unknown,attested_secondary,5.50,ad4083fc98eecc6c9cfa5e8966d95d5397d795710891e69652a7f9ea16a29ed7,"page 53, lines 214-217","52 
Third Tritiya  Mars Southeast Fourth Caturti Mercury Southwest Fifth Panchami Jupiter South Sixth Shashti Venus West Seventh Saptami Saturn Northwest Eight Ashtami Rahu Northeast Ninth Navami Sun East Tenth Dashami Moon North Eleventh Ekadashi Mars Southeast Twelfth Dvadashi Mercury Southwest Thirteenth Trayodashi Jupiter South Fourteenth Caturdashi Venus West Fifteenth Purnima Saturn Northwest Fifteenth Amavasya Rahu Northeast    Kalachakra and Digchakra: Wheel of Time and Wheel of Directions  People, who are familiar with Vastu Shastra, will surely notice that in Kalachakra the directions are presided by different planets than in Digchakra or “wheel of direction”. Similarly like Kalachakra can be compared to wheel of destruction and transformation, so Digchakra is connected to wheel of creation and manifestation. Yet, the way, how they overlap each other is very significant and we",OVERLAY | AUTO: ruler from nakshatra.yaml | EVID2: tag/text match
nakshatra:3,nakshatra_ruling_graha,graha:sun,overlay,unknown,attested_secondary,5.50,ad4083fc98eecc6c9cfa5e8966d95d5397d795710891e69652a7f9ea16a29ed7,"page 28, lines 106-109","27 
NADI TO BE ACTIVE AT SUNRISE DURING DIFFERENT TITHIS  Tithi Nadi in Shukla Paksha Nadi in Krishna Paksha Pratipad (1) ida pingala Dvitiya (2) ida pingala Tritiya (3) ida pingala Caturti (4) pingala ida Panchami (5) pingala ida Shashti (6) pingala ida Saptami (7) ida pingala Ashtami (8) ida pingala Navami (9) ida pingala Dashami (10) pingala ida Ekadashi (11) pingala ida Dvadashi (12) pingala ida Trayodashi (13) ida pingala Caturdashi (14) ida pingala Purnima / Amavasya  (15) ida pingala    Tithis and the breath  The intimate connection between the tithis, fifteen phases of the Moon in each paksha, and the breath, is very obvious both in Vedic astrology and old tantric scriptures. It is said that each tithi is 1440 breaths long. Being so, one lunar fortnight (paksha) is 21600 breaths - which is the number of a whole sacred breathing cycle. In one fortnight there would be 10800 breaths",OVERLAY | AUTO: ruler from nakshatra.yaml | EVID2: tag/text match
nakshatra:4,nakshatra_ruling_graha,graha:moon,overlay,unknown,attested_secondary,5.50,ad4083fc98eecc6c9cfa5e8966d95d5397d795710891e69652a7f9ea16a29ed7,"page 28, lines 106-109","27 
NADI TO BE ACTIVE AT SUNRISE DURING DIFFERENT TITHIS  Tithi Nadi in Shukla Paksha Nadi in Krishna Paksha Pratipad (1) ida pingala Dvitiya (2) ida pingala Tritiya (3) ida pingala Caturti (4) pingala ida Panchami (5) pingala ida Shashti (6) pingala ida Saptami (7) ida pingala Ashtami (8) ida pingala Navami (9) ida pingala Dashami (10) pingala ida Ekadashi (11) pingala ida Dvadashi (12) pingala ida Trayodashi (13) ida pingala Caturdashi (14) ida pingala Purnima / Amavasya  (15) ida pingala    Tithis and the breath  The intimate connection between the tithis, fifteen phases of the Moon in each paksha, and the breath, is very obvious both in Vedic astrology and old tantric scriptures. It is said that each tithi is 1440 breaths long. Being so, one lunar fortnight (paksha) is 21600 breaths - which is the number of a whole sacred breathing cycle. In one fortnight there would be 10800 breaths",OVERLAY | AUTO: ruler from nakshatra.yaml | EVID2: tag/text match
nakshatra:5,nakshatra_ruling_graha,graha:mars,overlay,unknown,attested_secondary,5.50,ad4083fc98eecc6c9cfa5e8966d95d5397d795710891e69652a7f9ea16a29ed7,"page 53, lines 214-217","52 
Third Tritiya  Mars Southeast Fourth Caturti Mercury Southwest Fifth Panchami Jupiter South Sixth Shashti Venus West Seventh Saptami Saturn Northwest Eight Ashtami Rahu Northeast Ninth Navami Sun East Tenth Dashami Moon North Eleventh Ekadashi Mars Southeast Twelfth Dvadashi Mercury Southwest Thirteenth Trayodashi Jupiter South Fourteenth Caturdashi Venus West Fifteenth Purnima Saturn Northwest Fifteenth Amavasya Rahu Northeast    Kalachakra and Digchakra: Wheel of Time and Wheel of Directions  People, who are familiar with Vastu Shastra, will surely notice that in Kalachakra the directions are presided by different planets than in Digchakra or “wheel of direction”. Similarly like Kalachakra can be compared to wheel of destruction and transformation, so Digchakra is connected to wheel of creation and manifestation. Yet, the way, how they overlap each other is very significant and we",OVERLAY | AUTO: ruler from nakshatra.yaml | EVID2: tag/text match
nakshatra:6,nakshatra_ruling_graha,graha:rahu,overlay,unknown,attested_secondary,5.50,ad4083fc98eecc6c9cfa5e8966d95d5397d795710891e69652a7f9ea16a29ed7,"page 202, lines 818-822","201 
express their freedom, while not obstructing somebody else’s freedom on their way. Balance is the keyword for their spiritual development with three dual signs being so important from the perspective of their birth tithi.  
 Unless Gemini and Virgo are occupied by Rahu or Ketu, or unless their planetary lord (Mercury) is placed 3rd, 6th, 8th or 12th house from ascendant or Moon, or is retrograde, or in conjuction with malefic planet, or, lastly, in nakshatras of Rahu or Ketu, these two signs and houses won’t bring good results for the native. In such a case these signs must be strengthened (by strengthening their lord) to bring good results. Shunya planets do produce good results, however, when they transit 3rd, 6th, 8th or 12th house from from ascendant or Moon.  Additionally, in Shukla paksha Taurus sign becomes more energised on Ashtami tithi (which reveals more stability-seeking",OVERLAY | AUTO: ruler from nakshatra.yaml | EVID2: tag/text match
nakshatra:7,nakshatra_ruling_graha,graha:jupiter,overlay,unknown,attested_secondary,5.50,ad4083fc98eecc6c9cfa5e8966d95d5397d795710891e69652a7f9ea16a29ed7,"page 138, lines 560-563","137 
    Vahnivasini means “the one, dwelling in fire”. She is the creative fire within us. Passionate nature of rajas guna connect on Panchami tithi with sensitivity and lightness of air element. Being connected with the element of air and planet Jupiter, Vahnivasini is much different from the intense heat of Kameshwari and Her passionate nature. Vahnivasini Devi has much more light, creative and inspired energy. Her tantric name in 64 Yogini Namavali is Shashini – “the swift one”. Like the fire of Goddess Kameshwari increases passion and guna of rajas within us, so the fire of Goddess Vahnivasini is more of a light-giver. It is said in Lalita Mahamatmya that when Goddess Lalita was fighting along with all Nitya Devis the demon Bhanduka, and when the demonic forces casted the darkness on the battlefield, it was Goddess Vahnivasini (along with Jwalamalini, Goddess of the fourteenth lunar",OVERLAY | AUTO: ruler from nakshatra.yaml | EVID2: tag/text match
nakshatra:8,nakshatra_ruling_graha,graha:saturn,overlay,unknown,attested_secondary,5.50,ad4083fc98eecc6c9cfa5e8966d95d5397d795710891e69652a7f9ea16a29ed7,"page 183, lines 742-745","182 
Important rashis for Saptami tithi natives  Each tithi has a special connection with a number of rashis. Understanding those connections can help us not only in understanding our own birth chart on a much deeper level, but in better understanding of the nature of the tithi itself.  Two rashis, which are of great importance for all Saptami tithi natives are Aquarius and Leo. Aquarius is the mulatrikona sign of planetary lord of this lunar day (Saturn, tithi pati kshetra), while Leo is the sign opposite to it (tithi pati kshetra paksha), which is the sign revealing, where are we heading in life. As Saptami tithi is strongly connected with our inner need for independence, power, strength and courage, it is perfectly reflected in the sign of Leo, represented by the king of all animals. It also represents the shadow side of Saptami tithi, which sometimes manifests as greed for power and",OVERLAY | AUTO: ruler from nakshatra.yaml | EVID2: tag/text match
nakshatra:9,nakshatra_ruling_graha,graha:mercury,overlay,unknown,attested_secondary,5.50,ad4083fc98eecc6c9cfa5e8966d95d5397d795710891e69652a7f9ea16a29ed7,"page 280, lines 1135-1139","279 
Important rashis for Trayodashi tithi natives  Each tithi has a special connection with a number of rashis. Understanding those connections can help us not only in understanding our own birth chart on a much deeper level, but in better understanding of the nature of the tithi itself. 
   Two rashis, which are of great importance for all Trayodashi tithi natives are two dual signs: Pisces and Virgo. Sign of Pisces is ruled by the planetary lord of this lunar day (Jupiter, tithi pati kshetra), while Virgo is the sign opposite to it (tithi pati kshetra paksha), which is the sign revealing, where are we heading in life. It is also a very important axis, as in those signs Mercury and Venus get exaltated or debilitated. Similarly, people born on Trayodashi tithi naturally experience many transformations in life – and one of their most important life lessons is often to learn how to manife",OVERLAY | AUTO: ruler from nakshatra.yaml | EVID2: tag/text match
nakshatra:10,nakshatra_ruling_graha,graha:ketu,overlay,unknown,attested_secondary,5.50,ad4083fc98eecc6c9cfa5e8966d95d5397d795710891e69652a7f9ea16a29ed7,"page 110, lines 446-449","109 
Additionally, in Shukla paksha sign of Pisces becomes more energised on Tritiya tithi (which reveals more peaceful nature of Shukla Tritiya natives, whose main objective is simply having peaceful and loving relationships), while in Krishna paksha sign of Virgo becomes more energised - which is why Krishna Tritiya natives will be a little bit more calculative sometimes in their relations. Due to what they need to work a little bit more consciously on uplifting their relationships and bringing into them more “moisture” of sensitivity.  Tithi shunya rashis or the signs, which are made “fruitless” by Tritiya tithi, are Capricorn (ruled by cold Saturn) and Leo (ruled by burning Sun), signifying two extremes, which are detrimental for any relationship: either being to cold-hearted or too hot-headed. Unless these signs are occupied by Rahu or Ketu, or unless its lords (Sun or Saturn) are p",OVERLAY | AUTO: ruler from nakshatra.yaml | EVID2: tag/text match
nakshatra:11,nakshatra_ruling_graha,graha:venus,overlay,unknown,attested_secondary,5.50,e4ada7164d849b1b11e87b63ba9ccaafad8910df33feefc90ac0e81c75efe0f1,"page 111, lines 2767-2791","110
ealos (@wterc)
The first pada or quafter of this asterism 20o 00' - 23 20' Gemini, falls in Aries Navamsa and is
ruled by Mars. This pada relates to the moveable, adventurous and floneering side of Punarvasu.
Focus here is on friendships, goals and group work.
The second pada or quarter of this asterism 23o 20' - 260 40'Gemini, falls in Taurus Navamsa
ruled by Venus. This pada relates to the materialistic, earthy and fixed aspect of Punaruasu. It is
connected with hotels, restaurants, tourism, import and expoft industry.
The third pada or quafter of this asterism 260 40' - 30o 0O' Gemini, falls in Gemini Navamsa
ruled by Mercury. The focus here is on mental activities, imagination and science. Since this is a
Vargottama pada, planets placed here give strong results, especially in the mental/intellectual realm.
The fourth pada or quarter of this asterism 00o 00' - 3"" 20' Cancer, falls",OVERLAY | AUTO: ruler from nakshatra.yaml | EVID2: tag/text match
nakshatra:12,nakshatra_ruling_graha,graha:sun,overlay,unknown,attested_secondary,5.50,ad4083fc98eecc6c9cfa5e8966d95d5397d795710891e69652a7f9ea16a29ed7,"page 28, lines 106-109","27 
NADI TO BE ACTIVE AT SUNRISE DURING DIFFERENT TITHIS  Tithi Nadi in Shukla Paksha Nadi in Krishna Paksha Pratipad (1) ida pingala Dvitiya (2) ida pingala Tritiya (3) ida pingala Caturti (4) pingala ida Panchami (5) pingala ida Shashti (6) pingala ida Saptami (7) ida pingala Ashtami (8) ida pingala Navami (9) ida pingala Dashami (10) pingala ida Ekadashi (11) pingala ida Dvadashi (12) pingala ida Trayodashi (13) ida pingala Caturdashi (14) ida pingala Purnima / Amavasya  (15) ida pingala    Tithis and the breath  The intimate connection between the tithis, fifteen phases of the Moon in each paksha, and the breath, is very obvious both in Vedic astrology and old tantric scriptures. It is said that each tithi is 1440 breaths long. Being so, one lunar fortnight (paksha) is 21600 breaths - which is the number of a whole sacred breathing cycle. In one fortnight there would be 10800 breaths",OVERLAY | AUTO: ruler from nakshatra.yaml | EVID2: tag/text match
nakshatra:13,nakshatra_ruling_graha,graha:moon,overlay,unknown,attested_secondary,5.50,ad4083fc98eecc6c9cfa5e8966d95d5397d795710891e69652a7f9ea16a29ed7,"page 28, lines 106-109","27 
NADI TO BE ACTIVE AT SUNRISE DURING DIFFERENT TITHIS  Tithi Nadi in Shukla Paksha Nadi in Krishna Paksha Pratipad (1) ida pingala Dvitiya (2) ida pingala Tritiya (3) ida pingala Caturti (4) pingala ida Panchami (5) pingala ida Shashti (6) pingala ida Saptami (7) ida pingala Ashtami (8) ida pingala Navami (9) ida pingala Dashami (10) pingala ida Ekadashi (11) pingala ida Dvadashi (12) pingala ida Trayodashi (13) ida pingala Caturdashi (14) ida pingala Purnima / Amavasya  (15) ida pingala    Tithis and the breath  The intimate connection between the tithis, fifteen phases of the Moon in each paksha, and the breath, is very obvious both in Vedic astrology and old tantric scriptures. It is said that each tithi is 1440 breaths long. Being so, one lunar fortnight (paksha) is 21600 breaths - which is the number of a whole sacred breathing cycle. In one fortnight there would be 10800 breaths",OVERLAY | AUTO: ruler from nakshatra.yaml | EVID2: tag/text match
nakshatra:14,nakshatra_ruling_graha,graha:mars,overlay,unknown,attested_secondary,5.50,ad4083fc98eecc6c9cfa5e8966d95d5397d795710891e69652a7f9ea16a29ed7,"page 144, lines 584-587","143 
 On Panchami tithi the danger comes from the South. It is said that we should avoid travelling into that direction during the fifth lunar day in any of the two pakshas. South direction in Vastu is connected with our ability to take action – which is the biggest weakness of all people born on Panchami tithi. In Kalachakra South is ruled by Jupiter, the most “happy go lucky” type of planet, while in Digchakra it is ruled by Mars, which is a clear indication that to avoid this overly optimistic and a bit lazy side of Panchami tithi (indicated by Jupiter), we need to increase our ability to take action or increase our inner fire. Jupiter sometimes tends to be a bit selfish, as well, which is sometimes a weakness of people born on Panchami tithi. One of their biggest lessons in life is to learn how to make better choices and how to increase their ability to take a righteous action, when",OVERLAY | AUTO: ruler from nakshatra.yaml | EVID2: tag/text match
nakshatra:15,nakshatra_ruling_graha,graha:rahu,overlay,unknown,attested_secondary,5.50,e4ada7164d849b1b11e87b63ba9ccaafad8910df33feefc90ac0e81c75efe0f1,"page 386, lines 9399-9420","415
In general astrological terms, the conjunctions of Mars/Saturn/Rahu/Ketu/Uranus or Neptune
in cruel and harsh nakshatras have an energy similar to Purvabhadrapada.
, Not many planets fare well in Purvabhadrapada. Only a well aspected, well fortified Jupiter is
good here. Saturn can also give okay results in Purva bhadrapada, if Jupiter is well placed in the
chart. A well placed Ketu, especially in the Pisces pa4 can generate detrchment in a posiUve way.
'lowels ur""{ Atpffie* :
The first pada (20"" to 23"" 20'Aquarius) relates to ""Se"" as in the name ""Seth"".
The second pada (23o 20'to 260 40'Aquarius) relates to ""So"" as in the name ""Somalia"".
The third pada (26"" 40'to 30""00' Aquarius) relates to ""The"" as in ""Then"".
The fourth pada (0"" to 3o 20' Pisces) relates to 'Di* as in the name ""Divali"".
In the Sanskrit alphabet Purvabhadrapada corresponds to the letters ""Vam"" and ""Stlam"", and
conse",OVERLAY | AUTO: ruler from nakshatra.yaml | EVID2: tag/text match
nakshatra:16,nakshatra_ruling_graha,graha:jupiter,overlay,unknown,attested_secondary,5.50,e4ada7164d849b1b11e87b63ba9ccaafad8910df33feefc90ac0e81c75efe0f1,"page 33, lines 836-860","27
{Podas (@wrters) :
The first pada or quarter of this asterism 13o 20' - 160 40' Aries falls in Leo Navamsa ruled by
Sun. The focus here is on creativity and self-immersion. Planets here can be extremely self-centric
and can often offend others without meaning to. The drive and will-power inherent in this pada can
be used for positive ends if the nativity as a whole allows for it. Sun, Mars & Jupiter are especially
strong in this pada.
The second pada or quarter of this asterism 160 40' - 2Oo OO' Aries falls in Virgo Navamsa ruled
by Mercury. The emphasis here is on seryice and hardwork. Planets here function in an altruistic
way. A ceftain degree of organization is seen even in typically extreme and chaotic Bharani mode.
Mercury Mars and Rahu are better suited for giving good results here.
The third pada or quarter of this asterism 20o 00' - 23o 20Aries falls in Libra Navamsa ruled by",OVERLAY | AUTO: ruler from nakshatra.yaml | EVID2: tag/text match
nakshatra:17,nakshatra_ruling_graha,graha:saturn,overlay,unknown,attested_secondary,5.50,ad4083fc98eecc6c9cfa5e8966d95d5397d795710891e69652a7f9ea16a29ed7,"page 293, lines 1188-1191","292 
Uttara Bhadrapada nakshatra, ruled by Ahir Budhnya or “the snake who carries the burden of the universe”, stands for the need to stabilise this intense energy and is closely connected with the tortoise in the hand of Goddess Jwalamalini, as it is the nakshatra co-ruled by Saturn. It is also connected with the need to sacrifice our ego at the end of our spiritual path, to become more humble and more selfless, like Ahir Budhnya or Ananta Shesha Himself.   Uttara Bhadrapada is also the nakshatra, in which Mercury reaches his maximum debilitation point, as logic must be abandoned on the final stage of soul’s path towards union. Interestingly, on Shukla Chaturdashi, which was on 2 December 2017, when I was writing this chapter, my Gurudev wrote this beautiful message:  “Logic needs information about something or someone in order to function according its nature of functioning.  But Love",OVERLAY | AUTO: ruler from nakshatra.yaml | EVID2: tag/text match
nakshatra:18,nakshatra_ruling_graha,graha:mercury,overlay,unknown,seed_unverified,0.30,,,,OVERLAY | AUTO: ruler from nakshatra.yaml
nakshatra:19,nakshatra_ruling_graha,graha:ketu,overlay,unknown,seed_unverified,0.30,,,,OVERLAY | AUTO: ruler from nakshatra.yaml
nakshatra:20,nakshatra_ruling_graha,graha:venus,overlay,unknown,attested_secondary,5.50,ad4083fc98eecc6c9cfa5e8966d95d5397d795710891e69652a7f9ea16a29ed7,"page 207, lines 839-842","206 
    After Ashtami tithi, when Goddess in the form of the Moon has crossed the half way between Her and Her goal, a new, fresh cycle is starting. Goddess is getting more and more excited, the closer She gets to Her goal. In Shukla paksha She becomes more excited to reach Her fullness, while in Krishna paksha She becomes more excited to reunite with Shiva in the form of the Sun on the New Moon day. The primordial desire, which has set Her on this journey, represented by Her form of Goddess Kameshwari, becomes kindled in Her again, when She appears in the form of Goddess Kulasundari on Navami tithi, the first day after Ashtami. Even one of the names of Goddess Kulasundari is Kameshwari, while Her tantric name in 64 Yogini Namavali is Kamini “the One, who is the desire itself”. Not without a reason Navami is also considered a birth tithi of planet Venus. This is why Sun is a co-ruler of",OVERLAY | AUTO: ruler from nakshatra.yaml | EVID2: tag/text match
nakshatra:21,nakshatra_ruling_graha,graha:sun,overlay,unknown,attested_secondary,5.50,ad4083fc98eecc6c9cfa5e8966d95d5397d795710891e69652a7f9ea16a29ed7,"page 22, lines 82-85","21 
 It is said that each tithi, lunar day and each of the fifteen manifestation of the Goddess Herself has two aspects: Prakashamsa, which rules the day portion of the tithi, and Vimarshamsa, which rules the night portion of the tithi. At night the Goddess in one of Her fifteen forms collects the nectar reflecting some of its qualities, while during the day She releases it, so it can recharge us. During the night nectar is replenished by Soma or the Moon, while during the day the nectar is burned or consumed by Agni or Surya. Being so, the main quality of the Moon and moonlight is to make things grow (rohana shakti of Rohini nakshatra), while the main qualitiy of the Sun is to burn things (dahana shakti of Krittika nakshatra). Therefore our life itself is a metaphor of Vedic fire sacrifice, in which soma, the sacred nectar of life is offered to the sacred fire.  One Krishna paksha and o",OVERLAY | AUTO: ruler from nakshatra.yaml | EVID2: tag/text match
nakshatra:22,nakshatra_ruling_graha,graha:moon,overlay,unknown,attested_secondary,5.50,ad4083fc98eecc6c9cfa5e8966d95d5397d795710891e69652a7f9ea16a29ed7,"page 23, lines 86-89","22 
Lunar day Tithi (Vedic name) Kala Svara First Pratipad  daya (compassion) a अ Second Dvitiya  dhairya (patience) ā आ Third Tritiya  pusha (nourishment) i इ Fourth Caturti tushti (contentment) ī ई Fifth Panchami pushti (comfort) u उ Sixth Shashti rati (passion) ū ऊ Seventh Saptami dhrti (courage) ṛ ऋ Eight Ashtami shashini (swiftness) ṝ ॠ Ninth Navami candrika (moonlight) ḷr ऌ Tenth Dashami kanti (beauty) ḹr ॡ Eleventh Ekadashi jyotsna (halo) e ए Twelfth Dvadashi sri (opulence) ai ऐ Thirteenth Trayodashi priti (love) o ओ Fourteenth Caturdashi angada (self-sacrifice) au औ Fifteenth: Full Moon / New Moon  Purnima / Amavasya  purna (fullness)  aṁ अं     Unique vibrations of these 16 vowels are directly connected to vishuddha, throat chakra in our energy body. Each of them dwells on one of the petals of this chakra, which symbolically represents 16 nadis, energy channels connecting in thi",OVERLAY | AUTO: ruler from nakshatra.yaml | EVID2: tag/text match
nakshatra:23,nakshatra_ruling_graha,graha:mars,overlay,unknown,attested_secondary,5.50,ad4083fc98eecc6c9cfa5e8966d95d5397d795710891e69652a7f9ea16a29ed7,"page 232, lines 940-944","231 
Important rashis for Dashami tithi natives  Each tithi has a special connection with a number of rashis. Understanding those connections can help us not only in understanding our own birth chart on a much deeper level, but in better understanding of the nature of the tithi itself. 
 Two rashis, which are of great importance for all Dashami tithi natives are Cancer and Capricorn. Cancer is the sign ruled by planetary lord of this lunar day (Moon, tithi pati kshetra), while Capricorn is the sign opposite to it (tithi pati kshetra paksha), which is the sign revealing, where are we heading in life. Interestingly, Cancer is also a debilitation place of Mars (the planet that is said to be born on Dashami tithi), while Capricorn is its exaltation place. Indeed, Dashami is a very special tithi, as it reflects the transition stage between formlessness and chaotic energy of Ashtami, and disci",OVERLAY | AUTO: ruler from nakshatra.yaml | EVID2: tag/text match
nakshatra:24,nakshatra_ruling_graha,graha:rahu,overlay,unknown,attested_secondary,5.50,e4ada7164d849b1b11e87b63ba9ccaafad8910df33feefc90ac0e81c75efe0f1,"page 229, lines 5586-5610","241
Lurw Montfr U Day :
It ref ates to the last 9 days of the lunar month of ""Chaitra"", which usually falls in late April, early
May.
Swati is also related tothe Saptami (7s tithi or day) of the waxing and waning phases of the
Moon's monthly cycle.
Auspirious Actiaitirs:
Good for business & trade activities; Recommended for starting any educational venture; Good
for learning in general; Social activities & events; Dealing with the public; Financial transactions; All
activities which require a calm & flexible approach; The key here is to blow with the wind; Grooming
and self adornment; Buying and Selling in general; Actions where diplomacy is required; Pursuing
Arts & Sciences.
,'i.
Inmspiriaus Actiaitits :
Not good for travel; Fierce or warlike activities; Any type of aggressive behaviour is not likely to
pay ofF in this nakshatra. 
,, ,r
efanetary fotfer :
Rahu is the primary ruler of t",OVERLAY | AUTO: ruler from nakshatra.yaml | EVID2: tag/text match
nakshatra:25,nakshatra_ruling_graha,graha:jupiter,overlay,unknown,attested_secondary,5.50,ad4083fc98eecc6c9cfa5e8966d95d5397d795710891e69652a7f9ea16a29ed7,"page 253, lines 1026-1029","252 
 Additionally, in Shukla paksha sign of Gemini becomes more energised on Ekadashi tithi (which reveals more eloquent, debating, scientific and intellectual side of Shukla Ekadashi natives), while in Krishna paksha Sagittarius becomes more energised (which is why Krishna Ekadashi natives usually are much more inclined towards spiritual life and are way more philosophical).   Sagittarius and Pisces, two dual signs of Jupiter, the Cosmic Teacher (who is, interestingly, said to be born on Ekadashi tithi), become shunya rashis or “fruitless” for all Ekadashi tithi natives. Both of these signs are naturally quite vulnerable for all people born on Ekadashi tithi. This is also why it is so important for all Ekadashi natives to engage in some spiritual discipline in any form in this lifetime, as it will naturally strengthen both of the signs of Jupiter. In our energy body Jupiter stands for",OVERLAY | AUTO: ruler from nakshatra.yaml | EVID2: tag/text match
nakshatra:26,nakshatra_ruling_graha,graha:saturn,overlay,unknown,attested_secondary,5.50,ad4083fc98eecc6c9cfa5e8966d95d5397d795710891e69652a7f9ea16a29ed7,"page 266, lines 1079-1082","265 
Additionally, sign of Gemini gets more energised in Shukla paksha, which reveals more eloquent, sociable and dynamic nature of Shukla Dvadashi natives, while in Krishna paksha Sagittarius gets more energised, which reveals more introverted, moderate and philosophical side of Krishna Dvadashi natives – as well as their bigger need for stability and righteousness. As the zodiacal chakras on the same axis as tithi pati kshetra and tithi pati kshetra paksha are energised on Dvadashi tithi, it also reveals a natural self-confidence of Dvadashi natives.  Libra (ruled by Venus) and Capricorn (ruled by Saturn) become shunya rashis or “fruitless” for all Ekadash tithi natives. Both of these signs are naturally quite vulnerable for all people born on Ekadashi tithi – and both of them are closely connected to Saturn. In Libra Saturn gets exalted (while Sun gets debilitated), while Capricorn, t",OVERLAY | AUTO: ruler from nakshatra.yaml | EVID2: tag/text match
nakshatra:27,nakshatra_ruling_graha,graha:mercury,overlay,unknown,attested_secondary,5.50,ad4083fc98eecc6c9cfa5e8966d95d5397d795710891e69652a7f9ea16a29ed7,"page 278, lines 1127-1130","277 
quite interesting, considering the fact that Mercury, the planetary ruler of Wednesday, was a child of relationship between Tara and Moon.  To summarise, Trayodashi tithi has the best resonance with nakshatras Ashwini, Punarvasu, Pushya, Magha, Mula, Purvashadha, Uttarashadha, Purva Bhadrapada and Revati. It brings different results with Rohini, Margashirsha, Ardra, Uttara Phalguni, Citra, Swati, Anuradha and Dhanishta, and usually bad results with Bharani, Krittika, Ashlesha, Vishakha, Jyeshtha and Shatabhisha.  Additionally, if a person is born on Trayodashi tithi and Thursday, it produces a tithi dosha for the person. The personality of such a person will be overly dominated by ether element. Such person will need to consciously work on balancing exeggerated ether element, both in one’s physical body and on a psychological level.",OVERLAY | AUTO: ruler from nakshatra.yaml | EVID2: tag/text match
